Rank,Name,Platform,Year,Genre,Publisher,NA_Sales,EU_Sales,JP_Sales,Other_Sales,Global_Sales
873,Destiny,X360,2014,Shooter,Activision,1.30,0.49,0.00,0.16,1.95
893,Watch Dogs,PS3,2014,Action,Ubisoft,0.56,0.89,0.10,0.37,1.93
969,Call of Duty: Black Ops 3,PS3,2015,Shooter,Activision,0.49,0.96,0.07,0.27,1.79
1001,Call of Duty: Black Ops 3,X360,2015,Shooter,Activision,1.11,0.48,0.00,0.16,1.76
1026,Destiny,PS3,2014,Shooter,Activision,0.67,0.66,0.12,0.27,1.73
1065,FIFA 16,X360,2015,Sports,Electronic Arts,0.55,1.01,0.00,0.13,1.69
1132,NBA 2K15,X360,2014,Sports,Take-Two Interactive,1.33,0.14,0.00,0.15,1.63
1339,Far Cry 4,PS3,2014,Shooter,Ubisoft,0.33,0.79,0.08,0.23,1.44
1373,Madden NFL 15,PS3,2014,Sports,Electronic Arts,1.07,0.15,0.00,0.19,1.41
1405,Titanfall,X360,2014,Shooter,Electronic Arts,0.87,0.38,0.02,0.11,1.38
1415,Assassin's Creed: Rogue,PS3,2014,Action,Ubisoft,0.46,0.62,0.06,0.23,1.37
1424,NBA 2K15,PS3,2014,Sports,Take-Two Interactive,0.86,0.27,0.02,0.22,1.36
1490,The LEGO Movie Videogame,X360,2014,Action,Warner Bros. Interactive Entertainment,0.69,0.52,0.00,0.11,1.32
1487,Dark Souls II,PS3,2014,Role-Playing,Namco Bandai Games,0.40,0.36,0.40,0.17,1.32
1489,Kingdom Hearts II,PS3,2014,Role-Playing,Square Enix,0.52,0.43,0.18,0.19,1.32
1541,Watch Dogs,X360,2014,Action,Ubisoft,0.72,0.45,0.01,0.11,1.28
1619,Farming Simulator 2015,PC,2014,Simulation,Focus Home Interactive,0.08,1.02,0.00,0.13,1.23
1632,Fallout 4,PC,2015,Role-Playing,Bethesda Softworks,0.50,0.63,0.00,0.10,1.23
1762,Plants vs. Zombies: Garden Warfare,X360,2014,Shooter,Electronic Arts,0.51,0.54,0.00,0.10,1.16
1826,Disney Infinity 2.0: Marvel Super Heroes,X360,2014,Action,Disney Interactive Studios,0.62,0.40,0.00,0.10,1.12
1898,Grand Theft Auto V,PC,2015,Action,Take-Two Interactive,0.36,0.64,0.00,0.08,1.08
1966,Assassin's Creed: Rogue,X360,2014,Action,Ubisoft,0.58,0.38,0.00,0.09,1.05
2040,Disney Infinity 2.0: Marvel Super Heroes,PS3,2014,Action,Disney Interactive Studios,0.44,0.40,0.00,0.17,1.02
2053,The LEGO Movie Videogame,PS3,2014,Action,Warner Bros. Interactive Entertainment,0.33,0.48,0.02,0.18,1.01
2118,South Park: The Stick of Truth,PS3,2014,Role-Playing,Ubisoft,0.42,0.38,0.00,0.17,0.98
2121,Far Cry 4,X360,2014,Shooter,Ubisoft,0.45,0.44,0.00,0.08,0.98
2125,Madden NFL 16,X360,2015,Sports,Electronic Arts,0.82,0.05,0.00,0.10,0.98
2141,NBA 2K16,X360,2015,Sports,Take-Two Interactive,0.77,0.10,0.00,0.10,0.97
2173,LEGO Jurassic World,X360,2015,Action,Warner Bros. Interactive Entertainment,0.47,0.40,0.00,0.08,0.95
2194,Lego Batman 3: Beyond Gotham,X360,2014,Action,Warner Bros. Interactive Entertainment,0.48,0.38,0.00,0.08,0.95
2179,South Park: The Stick of Truth,X360,2014,Role-Playing,Ubisoft,0.57,0.30,0.00,0.08,0.95
2231,LEGO Jurassic World,PS3,2015,Action,Warner Bros. Interactive Entertainment,0.34,0.44,0.00,0.15,0.93
2240,Skylanders: Trap Team,X360,2014,Action,Activision,0.54,0.31,0.00,0.08,0.93
2267,The Evil Within,PS3,2014,Action,Bethesda Softworks,0.26,0.39,0.12,0.14,0.92
2287,Minecraft: Story Mode,X360,2015,Adventure,Mojang,0.46,0.38,0.00,0.08,0.91
2317,The Elder Scrolls Online,PC,2014,Role-Playing,Bethesda Softworks,0.32,0.48,0.00,0.09,0.90
2445,WWE 2K15,PS3,2014,Sports,Take-Two Interactive,0.36,0.35,0.00,0.14,0.85
2429,Forza Horizon 2,X360,2014,Racing,Microsoft Game Studios,0.35,0.43,0.00,0.07,0.85
2525,Madden NFL 16,PS3,2015,Sports,Electronic Arts,0.56,0.11,0.00,0.15,0.82
2551,Lego Batman 3: Beyond Gotham,PS3,2014,Action,Warner Bros. Interactive Entertainment,0.33,0.35,0.00,0.13,0.81
2579,NBA 2K16,PS3,2015,Sports,Take-Two Interactive,0.44,0.19,0.03,0.13,0.80
2690,Plants vs. Zombies: Garden Warfare,PS3,2014,Shooter,Electronic Arts,0.22,0.40,0.01,0.14,0.76
2722,Dark Souls II,X360,2014,Role-Playing,Namco Bandai Games,0.48,0.20,0.01,0.06,0.76
2759,Borderlands: The Pre-Sequel,X360,2014,Shooter,Take-Two Interactive,0.46,0.22,0.01,0.06,0.75
2760,LittleBigPlanet 3,PS3,2014,Platform,Sony Computer Entertainment,0.20,0.43,0.01,0.11,0.75
2810,Dragon Age: Inquisition,PC,2014,Role-Playing,Electronic Arts,0.32,0.34,0.00,0.07,0.73
2903,2014 FIFA World Cup Brazil,PS3,2014,Sports,Electronic Arts,0.15,0.39,0.01,0.16,0.71
2935,Metal Gear Solid V: The Phantom Pain,PS3,2015,Action,Konami Digital Entertainment,0.21,0.18,0.22,0.08,0.70
2955,Skylanders: Trap Team,PS3,2014,Action,Activision,0.24,0.33,0.00,0.12,0.69
2943,WWE 2K15,X360,2014,Sports,Take-Two Interactive,0.38,0.26,0.00,0.06,0.69
2952,Minecraft: Story Mode,PS3,2015,Adventure,Mojang,0.25,0.33,0.00,0.11,0.69
3028,The Witcher 3: Wild Hunt,PC,2015,Role-Playing,Namco Bandai Games,0.20,0.42,0.00,0.05,0.67
3049,Borderlands: The Pre-Sequel,PS3,2014,Shooter,Take-Two Interactive,0.25,0.26,0.05,0.11,0.67
3130,Dragon Age: Inquisition,PS3,2014,Role-Playing,Electronic Arts,0.26,0.23,0.05,0.10,0.65
3183,Middle-Earth: Shadow of Mordor,PS3,2014,Action,Warner Bros. Interactive Entertainment,0.20,0.33,0.01,0.10,0.64
3189,Just Dance 2015,X360,2014,Misc,Ubisoft,0.41,0.16,0.00,0.06,0.63
3249,Far Cry 4,PC,2014,Shooter,Ubisoft,0.15,0.42,0.00,0.05,0.62
3267,Metal Gear Solid V: Ground Zeroes,PS3,2014,Action,Konami Digital Entertainment,0.14,0.14,0.27,0.06,0.62
3253,Pro Evolution Soccer 2015,PS3,2014,Sports,Konami Digital Entertainment,0.10,0.23,0.22,0.08,0.62
3421,Tales of Zestiria,PS3,2015,Role-Playing,Namco Bandai Games,0.05,0.09,0.42,0.03,0.59
3459,Titanfall,PC,2014,Shooter,Electronic Arts,0.21,0.30,0.00,0.07,0.58
3485,WWE 2K16,PS3,2015,Sports,Take-Two Interactive,0.21,0.27,0.00,0.09,0.58
3560,LEGO Dimensions,X360,2015,Action,Warner Bros. Interactive Entertainment,0.24,0.28,0.00,0.05,0.56
3658,Assassin's Creed: Unity,PC,2014,Action,Ubisoft,0.17,0.33,0.00,0.05,0.55
3630,Dragon Ball: XenoVerse,PS3,2015,Fighting,Namco Bandai Games,0.15,0.20,0.14,0.07,0.55
3633,Dragon Age: Inquisition,X360,2014,Role-Playing,Electronic Arts,0.35,0.16,0.00,0.05,0.55
3757,Star Wars Battlefront (2015),PC,2015,Shooter,Electronic Arts,0.13,0.37,0.00,0.04,0.54
3689,LEGO The Hobbit,PS3,2014,Action,Warner Bros. Interactive Entertainment,0.12,0.32,0.00,0.10,0.54
3709,LEGO Dimensions,PS3,2015,Action,Warner Bros. Interactive Entertainment,0.15,0.30,0.00,0.09,0.54
3731,Middle-Earth: Shadow of Mordor,X360,2014,Action,Warner Bros. Interactive Entertainment,0.28,0.21,0.00,0.05,0.54
3945,Wolfenstein: The New Order,PS3,2014,Shooter,Bethesda Softworks,0.14,0.25,0.02,0.09,0.51
3890,StarCraft II: Legacy of the Void,PC,2015,Strategy,Activision,0.18,0.29,0.00,0.04,0.51
3972,LEGO The Hobbit,X360,2014,Action,Warner Bros. Interactive Entertainment,0.20,0.26,0.00,0.04,0.50
4014,The Evil Within,X360,2014,Action,Bethesda Softworks,0.25,0.20,0.01,0.04,0.50
3971,WWE 2K16,X360,2015,Sports,Take-Two Interactive,0.27,0.19,0.00,0.04,0.50
4028,Dragon Quest Heroes: The World's Tree Woe and the Blight Below,PS3,2015,Action,Square Enix,0.00,0.00,0.49,0.00,0.49
4067,F1 2014,PS3,2014,Racing,Codemasters,0.07,0.31,0.02,0.08,0.49
4079,Battlefield: Hardline,PS3,2015,Shooter,Electronic Arts,0.12,0.23,0.07,0.07,0.49
4124,Football Manager 2015,PC,2014,Simulation,Sega,0.00,0.43,0.00,0.05,0.48
4109,World of Warcraft: Warlords of Draenor,PC,2014,Action,Activision Blizzard,0.08,0.36,0.00,0.04,0.48
4137,Fable,X360,2014,Role-Playing,Microsoft Game Studios,0.25,0.19,0.01,0.04,0.48
4186,Disney Infinity 3.0,PS3,2015,Action,Disney Interactive Studios,0.14,0.25,0.00,0.08,0.47
4165,Naruto Shippuden: Ultimate Ninja Storm Revolution,PS3,2014,Fighting,Namco Bandai Games,0.15,0.16,0.09,0.08,0.47
4170,2014 FIFA World Cup Brazil,X360,2014,Sports,Electronic Arts,0.14,0.28,0.00,0.04,0.47
4212,NHL 15,X360,2014,Sports,Electronic Arts,0.35,0.07,0.00,0.04,0.47
4246,Wolfenstein: The New Order,PC,2014,Shooter,Bethesda Softworks,0.12,0.29,0.00,0.05,0.46
4285,Skylanders: SuperChargers,X360,2015,Action,Activision,0.24,0.18,0.00,0.04,0.46
4275,Farming Simulator 2015,PS3,2015,Simulation,Koch Media,0.11,0.28,0.00,0.07,0.46
4335,Watch Dogs,PC,2014,Action,Ubisoft,0.14,0.26,0.00,0.05,0.45
4354,Pro Evolution Soccer 2016,PS3,2015,Sports,Konami Digital Entertainment,0.08,0.18,0.15,0.05,0.45
4419,Disney Infinity 3.0,X360,2015,Action,Disney Interactive Studios,0.19,0.21,0.00,0.04,0.44
4511,Overwatch,PC,2016,Shooter,Activision,0.22,0.18,0.00,0.04,0.43
4742,Call of Duty: Advanced Warfare,PC,2014,Shooter,Activision,0.14,0.23,0.00,0.04,0.41
4700,Destiny: The Taken King,PS3,2015,Shooter,Activision,0.16,0.17,0.02,0.06,0.41
4704,Wolfenstein: The New Order,X360,2014,Shooter,Bethesda Softworks,0.18,0.19,0.00,0.04,0.41
4706,Farming Simulator 2015,X360,2015,Simulation,Koch Media,0.21,0.16,0.00,0.04,0.41
4802,Thief (2014),PS3,2014,Action,Square Enix,0.10,0.20,0.02,0.08,0.40
4874,Rise of the Tomb Raider,X360,2015,Adventure,Square Enix,0.17,0.19,0.00,0.03,0.40
4886,Skylanders: SuperChargers,PS3,2015,Action,Activision,0.15,0.18,0.00,0.06,0.39
4930,MLB 15: The Show,PS3,2015,Sports,Sony Computer Entertainment,0.30,0.01,0.00,0.07,0.39
4961,MLB 14: The Show,PS3,2014,Sports,Sony Computer Entertainment America,0.35,0.00,0.00,0.04,0.39
5015,NHL 15,PS3,2014,Sports,Electronic Arts,0.21,0.11,0.00,0.06,0.38
5058,FIFA 17,PS3,2016,Sports,Electronic Arts,0.02,0.29,0.01,0.05,0.38
5071,Mobile Suit Gundam: Extreme VS Full Boost,PS3,2014,Fighting,Namco Bandai Games,0.00,0.00,0.38,0.00,0.38
5004,Destiny: The Taken King,X360,2015,Shooter,Activision,0.22,0.12,0.00,0.03,0.38
5106,Tom Clancy's The Division,PC,2016,Shooter,Ubisoft,0.20,0.14,0.00,0.03,0.37
5089,Alien: Isolation,PS3,2014,Shooter,Sega,0.12,0.19,0.00,0.07,0.37
5152,Sid Meier's Civilization: Beyond Earth,PC,2014,Strategy,Take-Two Interactive,0.11,0.22,0.00,0.03,0.37
5217,Middle-Earth: Shadow of Mordor,PC,2014,Action,Warner Bros. Interactive Entertainment,0.12,0.20,0.00,0.04,0.36
5228,Just Dance 2016,X360,2015,Misc,Ubisoft,0.23,0.10,0.00,0.03,0.36
5385,LEGO Marvel's Avengers,X360,2016,Action,Warner Bros. Interactive Entertainment,0.17,0.15,0.00,0.03,0.34
5437,Battlefield: Hardline,X360,2015,Shooter,Electronic Arts,0.17,0.14,0.00,0.03,0.34
5504,Dragon Ball Z: Battle of Z,PS3,2014,Fighting,Namco Bandai Games,0.10,0.11,0.06,0.05,0.33
5587,Resident Evil: Revelations 2,PS3,2015,Action,Capcom,0.06,0.08,0.16,0.03,0.32
5698,LEGO Marvel's Avengers,PS3,2016,Action,Warner Bros. Interactive Entertainment,0.10,0.17,0.00,0.05,0.32
5579,J Stars Victory Vs.,PS3,2014,Fighting,Namco Bandai Games,0.04,0.06,0.20,0.02,0.32
5618,Sniper Elite 3,X360,2014,Shooter,505 Games,0.16,0.14,0.00,0.03,0.32
5761,Football Manager 2016,PC,2015,Simulation,Sega,0.00,0.29,0.00,0.02,0.31
5715,Sniper Elite 3,PS3,2014,Shooter,505 Games,0.10,0.15,0.00,0.06,0.31
5913,FIFA 15,PC,2014,Sports,Electronic Arts,0.00,0.27,0.00,0.03,0.30
5828,One Piece: Unlimited World Red,PS3,2014,Action,Namco Bandai Games,0.09,0.12,0.06,0.05,0.30
5955,Thief (2014),X360,2014,Action,Square Enix,0.14,0.13,0.00,0.03,0.30
5829,Alien: Isolation,X360,2014,Shooter,Sega,0.15,0.13,0.00,0.03,0.30
6073,Borderlands: The Pre-Sequel,PC,2014,Shooter,Take-Two Interactive,0.11,0.15,0.00,0.03,0.29
6089,World of Warcraft: Legion,PC,2016,Role-Playing,Activision,0.14,0.12,0.00,0.02,0.29
5978,The Amazing Spider-Man 2 (2014),PS3,2014,Action,Activision,0.06,0.16,0.02,0.05,0.29
6051,One Piece: Pirate Warriors 3,PS3,2015,Action,Namco Bandai Games,0.00,0.09,0.19,0.01,0.29
6177,Guitar Hero Live,PS3,2015,Misc,Activision,0.09,0.14,0.00,0.05,0.28
6201,Just Dance 2015,PS3,2014,Misc,Ubisoft,0.12,0.11,0.00,0.05,0.28
6300,The Evil Within,PC,2014,Action,Bethesda Softworks,0.09,0.16,0.00,0.02,0.27
6331,Sengoku Basara 4,PS3,2014,Action,Capcom,0.00,0.00,0.27,0.00,0.27
6375,Dragon Ball: XenoVerse,X360,2015,Fighting,Namco Bandai Games,0.16,0.08,0.00,0.02,0.27
6413,Teenage Mutant Ninja Turtles: Danger of the Ooze,PS3,2014,Adventure,Activision,0.11,0.11,0.00,0.05,0.27
6533,Yakuza: Ishin,PS3,2014,Action,Sega,0.00,0.00,0.26,0.00,0.26
6554,Samurai Warriors 4,PS3,2014,Action,Tecmo Koei,0.00,0.00,0.26,0.00,0.26
6538,The Amazing Spider-Man 2 (2014),X360,2014,Action,Activision,0.10,0.14,0.00,0.02,0.26
6447,The Crew,X360,2014,Racing,Ubisoft,0.06,0.18,0.00,0.02,0.26
6555,F1 2014,X360,2014,Racing,Codemasters,0.08,0.15,0.00,0.02,0.26
6726,Yakuza Zero: The Place of Oath,PS3,2015,Action,Sega,0.00,0.00,0.25,0.00,0.25
6632,Hatsune Miku: Project Diva F 2nd,PS3,2014,Misc,Sega,0.09,0.04,0.10,0.03,0.25
6745,Anno 2205,PC,2015,Strategy,Ubisoft,0.02,0.22,0.00,0.01,0.25
6922,Guitar Hero Live,X360,2015,Misc,Activision,0.12,0.10,0.00,0.02,0.24
7052,Call of Duty: Black Ops 3,PC,2015,Shooter,Activision,0.00,0.22,0.00,0.01,0.23
7132,3rd Super Robot Wars Z Jigoku Hen,PS3,2014,Role-Playing,Namco Bandai Games,0.00,0.00,0.23,0.00,0.23
7042,Naruto Shippuden: Ultimate Ninja Storm Revolution,X360,2014,Fighting,Namco Bandai Games,0.13,0.08,0.00,0.02,0.23
6989,Total War: Attila,PC,2015,Strategy,Sega,0.09,0.13,0.00,0.02,0.23
7213,Tom Clancy's Rainbow Six: Siege,PC,2015,Shooter,Ubisoft,0.12,0.08,0.00,0.02,0.22
7204,Castlevania: Lords of Shadow 2,PS3,2014,Action,Konami Digital Entertainment,0.03,0.13,0.02,0.04,0.22
7260,Just Dance 2016,PS3,2015,Misc,Ubisoft,0.10,0.08,0.00,0.04,0.22
7218,The Walking Dead: Season Two,PS3,2014,Adventure,Telltale Games,0.09,0.09,0.00,0.04,0.22
7224,Teenage Mutant Ninja Turtles: Danger of the Ooze,X360,2014,Adventure,Activision,0.11,0.09,0.00,0.02,0.22
7376,Metal Gear Solid V: The Phantom Pain,X360,2015,Action,Konami Digital Entertainment,0.12,0.08,0.00,0.02,0.21
7370,GRID Autosport,PS3,2014,Racing,Codemasters,0.05,0.11,0.01,0.04,0.21
7684,South Park: The Stick of Truth,PC,2014,Role-Playing,Ubisoft,0.07,0.10,0.00,0.02,0.20
7563,Assassin's Creed Syndicate,PC,2015,Action,Ubisoft,0.10,0.08,0.00,0.02,0.20
7540,Atelier Shallie: Alchemists of the Dusk Sea,PS3,2014,Role-Playing,Tecmo Koei,0.06,0.05,0.08,0.02,0.20
7566,XCOM 2,PC,2016,Strategy,Take-Two Interactive,0.09,0.10,0.00,0.02,0.20
7660,How to Train Your Dragon 2,X360,2014,Adventure,Little Orbit,0.05,0.13,0.00,0.02,0.20
7770,The Sims 4: Get Together,PC,2015,Simulation,Electronic Arts,0.05,0.13,0.00,0.01,0.19
8029,Evolve,PC,2015,Shooter,Take-Two Interactive,0.07,0.10,0.00,0.01,0.18
8119,Dark Souls II,PC,2014,Role-Playing,Namco Bandai Games,0.08,0.08,0.00,0.02,0.18
8136,FIFA 16,PC,2015,Sports,Electronic Arts,0.04,0.13,0.00,0.01,0.18
8140,Doom (2016),PC,2016,Shooter,Bethesda Softworks,0.06,0.10,0.00,0.01,0.18
8077,Dying Light,PC,2015,Action,Warner Bros. Interactive Entertainment,0.11,0.06,0.00,0.02,0.18
8083,Guilty Gear Xrd: Sign,PS3,2014,Fighting,Arc System Works,0.09,0.00,0.07,0.02,0.18
8192,FIFA 17,X360,2016,Sports,Electronic Arts,0.03,0.13,0.00,0.01,0.18
8445,Wildstar,PC,2014,Role-Playing,NCSoft,0.08,0.07,0.00,0.02,0.17
8330,Transformer: Rise of the Dark Spark,X360,2014,Action,Activision,0.09,0.07,0.00,0.02,0.17
8449,Jikkyou Powerful Pro Yakyuu 2014,PS3,2014,Sports,Konami Digital Entertainment,0.00,0.00,0.17,0.00,0.17
8433,NASCAR '15,X360,2015,Sports,Deep Silver,0.15,0.00,0.00,0.02,0.17
8600,The Crew,PC,2014,Racing,Ubisoft,0.00,0.15,0.00,0.01,0.16
8468,MLB 16: The Show,PS3,2016,Action,Sony Computer Entertainment,0.13,0.00,0.00,0.03,0.16
8475,Ar Nosurge: Ode to an Unborn Star,PS3,2014,Role-Playing,Tecmo Koei,0.05,0.04,0.06,0.02,0.16
8634,Dengeki Bunko Fighting Climax,PS3,2014,Fighting,Sega,0.05,0.00,0.09,0.01,0.16
8529,Pro Evolution Soccer 2015,X360,2014,Sports,Konami Digital Entertainment,0.05,0.10,0.00,0.01,0.16
8537,NASCAR '14,X360,2014,Racing,Deep Silver,0.15,0.00,0.00,0.01,0.16
8962,Alien: Isolation,PC,2014,Shooter,Sega,0.00,0.13,0.00,0.01,0.15
8767,Murdered: Soul Suspect,PS3,2014,Action,Square Enix,0.05,0.06,0.02,0.02,0.15
8848,3rd Super Robot Wars Z: Tengoku-Hen,PS3,2015,Action,Namco Bandai Games,0.00,0.00,0.15,0.00,0.15
8895,Pro Baseball Spirits 2015,PS3,2015,Action,Konami Digital Entertainment,0.00,0.00,0.15,0.00,0.15
8755,Metal Gear Solid V: Ground Zeroes,X360,2014,Action,Konami Digital Entertainment,0.07,0.06,0.01,0.01,0.15
9232,Cities: Skylines,PC,2015,Simulation,Paradox Interactive,0.00,0.13,0.00,0.01,0.14
9306,Battlefield: Hardline,PC,2015,Shooter,Electronic Arts,0.00,0.13,0.00,0.01,0.14
9138,Just Cause 3,PC,2015,Action,Square Enix,0.03,0.11,0.00,0.01,0.14
9252,Far Cry: Primal,PC,2016,Action,Ubisoft,0.04,0.09,0.00,0.01,0.14
9088,Gundam Breaker 2,PS3,2014,Action,Namco Bandai Games,0.00,0.00,0.14,0.00,0.14
9193,Pro Yaky? Spirits 2014,PS3,2014,Sports,Konami Digital Entertainment,0.00,0.00,0.14,0.00,0.14
9227,Persona 4: Arena Ultimax,PS3,2014,Fighting,Atlus,0.00,0.01,0.13,0.00,0.14
9266,Singstar: Ultimate Party,PS3,2014,Misc,Sony Computer Entertainment Europe,0.00,0.12,0.00,0.02,0.14
9294,Shining Resonance,PS3,2014,Role-Playing,Sega,0.00,0.00,0.14,0.00,0.14
9571,Batman: Arkham Knight,PC,2015,Action,Warner Bros. Interactive Entertainment,0.08,0.03,0.00,0.01,0.13
9540,Dragon Quest Heroes II: Twin Kings and the Prophecy's End,PS3,2016,Action,Square Enix,0.00,0.00,0.13,0.00,0.13
9640,Transformer: Rise of the Dark Spark,PS3,2014,Action,Activision,0.04,0.05,0.01,0.02,0.13
9395,Rugby 15,PS3,2015,Sports,Bigben Interactive,0.02,0.09,0.00,0.02,0.13
9459,The IdolM@ster: One for All,PS3,2014,Misc,Namco Bandai Games,0.00,0.00,0.13,0.00,0.13
9475,Under Night In-Birth,PS3,2014,Fighting,Nippon Ichi Software,0.06,0.02,0.04,0.02,0.13
9450,How to Train Your Dragon 2,PS3,2014,Adventure,Little Orbit,0.03,0.08,0.00,0.02,0.13
9570,Pro Evolution Soccer 2016,X360,2015,Sports,Konami Digital Entertainment,0.04,0.08,0.00,0.01,0.13
9904,Tropico 5,PC,2014,Simulation,Kalypso Media,0.02,0.08,0.00,0.01,0.12
9682,Lego Star Wars: The Force Awakens,PS3,2016,Action,Warner Bros. Interactive Entertainment,0.03,0.07,0.00,0.02,0.12
9770,Mobile Suit Gundam Side Story: Missing Link,PS3,2014,Action,Namco Bandai Games,0.00,0.00,0.12,0.00,0.12
9926,Deception IV: Blood Ties,PS3,2014,Action,Tecmo Koei,0.02,0.02,0.06,0.01,0.12
9748,MotoGP 14,PS3,2014,Racing,Milestone S.r.l.,0.04,0.06,0.00,0.02,0.12
9756,WRC 5: FIA World Rally Championship,PS3,2015,Sports,Bigben Interactive,0.02,0.09,0.00,0.02,0.12
9799,The Legend of Heroes: Trails of Cold Steel II,PS3,2014,Role-Playing,Nippon Ichi Software,0.01,0.00,0.11,0.00,0.12
9869,Sacred 3,PS3,2014,Role-Playing,Deep Silver,0.03,0.05,0.02,0.02,0.12
9906,Dragon Quest Builders: Revive Alefgard,PS3,2016,Role-Playing,Square Enix,0.00,0.00,0.12,0.00,0.12
9924,Yakuza Kiwami,PS3,2016,Adventure,Sega,0.00,0.00,0.12,0.00,0.12
9892,The Walking Dead: Season Two,X360,2014,Adventure,Telltale Games,0.04,0.07,0.00,0.01,0.12
10167,Project CARS,PC,2015,Racing,Slightly Mad Studios,0.00,0.10,0.00,0.01,0.11
10226,Thief (2014),PC,2014,Action,Square Enix,0.00,0.09,0.00,0.02,0.11
10121,Samurai Warriors 4-II,PS3,2015,Action,Tecmo Koei,0.00,0.00,0.11,0.00,0.11
10238,Transformers: Devastation,PS3,2015,Action,Activision,0.03,0.07,0.00,0.02,0.11
10308,Murdered: Soul Suspect,X360,2014,Action,Square Enix,0.06,0.04,0.00,0.01,0.11
10365,Lego Star Wars: The Force Awakens,X360,2016,Action,Warner Bros. Interactive Entertainment,0.04,0.06,0.00,0.01,0.11
10042,UEFA Euro 2016,PS3,2016,Sports,Konami Digital Entertainment,0.00,0.08,0.02,0.01,0.11
10158,Jikkyou Powerful Pro Baseball 2016,PS3,2016,Sports,Konami Digital Entertainment,0.00,0.00,0.11,0.00,0.11
10233,Tales of Berseria,PS3,2016,Role-Playing,Namco Bandai Games,0.00,0.00,0.11,0.00,0.11
10228,Pac-Man and the Ghostly Adventures 2,PS3,2014,Adventure,Namco Bandai Games,0.05,0.04,0.00,0.02,0.11
10125,Pac-Man and the Ghostly Adventures 2,X360,2014,Adventure,Namco Bandai Games,0.05,0.05,0.00,0.01,0.11
10697,F1 2014,PC,2014,Racing,Codemasters,0.00,0.09,0.00,0.01,0.10
10758,Wasteland 2,PC,2015,Role-Playing,inXile Entertainment,0.02,0.06,0.00,0.01,0.10
10435,Adventure Time: Finn & Jake Investigations,PS3,2015,Action,Little Orbit,0.02,0.07,0.00,0.02,0.10
10436,Kamen Rider: Battride War II,PS3,2014,Action,Namco Bandai Games,0.00,0.00,0.10,0.00,0.10
10562,Yaiba: Ninja Gaiden Z,PS3,2014,Action,Tecmo Koei,0.05,0.04,0.00,0.02,0.10
10491,Castlevania: Lords of Shadow 2,X360,2014,Action,Konami Digital Entertainment,0.02,0.07,0.00,0.01,0.10
10501,Risen 3: Titan Lords,PS3,2014,Role-Playing,Deep Silver,0.02,0.06,0.00,0.02,0.10
10660,Digimon All-Star Rumble,PS3,2014,Fighting,Namco Bandai Games,0.06,0.03,0.00,0.02,0.10
10669,NASCAR '14,PS3,2014,Racing,Deep Silver,0.09,0.00,0.00,0.01,0.10
10673,Sword Art Online: Lost Song,PS3,2015,Role-Playing,Namco Bandai Games,0.00,0.00,0.10,0.00,0.10
10735,Persona 5,PS3,2016,Role-Playing,Unknown,0.00,0.00,0.10,0.00,0.10
10733,Rise of the Tomb Raider,PC,2016,Adventure,Square Enix,0.00,0.09,0.00,0.01,0.10
10593,Total War: WARHAMMER,PC,2016,Strategy,Sega,0.00,0.10,0.00,0.01,0.10
10470,The Wolf Among Us,PS3,2014,Adventure,Telltale Games,0.05,0.03,0.00,0.02,0.10
10581,GRID Autosport,X360,2014,Racing,Codemasters,0.03,0.06,0.00,0.01,0.10
10840,Risen 3: Titan Lords,PC,2014,Role-Playing,Deep Silver,0.00,0.08,0.00,0.01,0.09
10949,NBA 2K16,PC,2015,Sports,Take-Two Interactive,0.02,0.06,0.00,0.01,0.09
11150,Sengoku Basara 4: Sumeragi,PS3,2015,Action,Capcom,0.00,0.00,0.09,0.00,0.09
11217,Dynasty Warriors 8: Empires,PS3,2014,Action,Tecmo Koei,0.00,0.00,0.09,0.00,0.09
10884,Adventure Time: Finn & Jake Investigations,X360,2015,Action,Little Orbit,0.02,0.06,0.00,0.01,0.09
10963,Transformers: Devastation,X360,2015,Action,Activision,0.06,0.02,0.00,0.01,0.09
11157,Resident Evil: Revelations 2,X360,2015,Action,Capcom,0.04,0.04,0.00,0.01,0.09
11180,Escape Dead Island,X360,2014,Action,Deep Silver,0.03,0.05,0.00,0.01,0.09
11205,Adventure Time: The Secret of the Nameless Kingdom,X360,2014,Action,Little Orbit,0.00,0.08,0.00,0.01,0.09
11214,Might & Magic Heroes VII,PC,2015,Strategy,Ubisoft,0.00,0.08,0.00,0.00,0.09
11173,SpongeBob: HeroPants,X360,2015,Platform,Activision,0.08,0.00,0.00,0.01,0.09
11090,MotoGP 14,X360,2014,Racing,Milestone S.r.l.,0.04,0.04,0.00,0.01,0.09
11466,Wolfenstein: The Old Blood,PC,2015,Action,Bethesda Softworks,0.00,0.08,0.00,0.00,0.08
11704,Metal Gear Solid V: The Phantom Pain,PC,2015,Action,Konami Digital Entertainment,0.00,0.07,0.00,0.00,0.08
11275,Escape Dead Island,PS3,2014,Action,Deep Silver,0.03,0.04,0.00,0.01,0.08
11568,The Voice,X360,2014,Action,Activision,0.07,0.00,0.00,0.01,0.08
11363,Ride,PS3,2015,Racing,Milestone S.r.l.,0.00,0.06,0.01,0.01,0.08
11525,Lost Dimension,PS3,2014,Role-Playing,Nippon Ichi Software,0.05,0.01,0.00,0.01,0.08
11706,Madden NFL 17,PS3,2016,Sports,Electronic Arts,0.05,0.01,0.00,0.01,0.08
11592,Minecraft: Story Mode,PC,2015,Adventure,Mojang,0.02,0.05,0.00,0.01,0.08
11576,Sherlock Holmes: Crimes & Punishments,PS3,2014,Adventure,Focus Home Interactive,0.03,0.04,0.00,0.01,0.08
11285,MX vs. ATV Supercross,X360,2014,Racing,Nordic Games,0.03,0.05,0.00,0.01,0.08
11302,Risen 3: Titan Lords,X360,2014,Role-Playing,Deep Silver,0.02,0.06,0.00,0.01,0.08
11490,Persona 4: Arena Ultimax,X360,2014,Fighting,Atlus,0.06,0.01,0.00,0.01,0.08
11514,Dragon Ball Z: Battle of Z,X360,2014,Fighting,Namco Bandai Games,0.01,0.06,0.00,0.01,0.08
11566,Madden NFL 17,X360,2016,Sports,Electronic Arts,0.06,0.01,0.00,0.01,0.08
12007,Battleborn,PC,2016,Shooter,Take-Two Interactive,0.03,0.03,0.00,0.01,0.07
12229,Pro Evolution Soccer 2015,PC,2014,Sports,Konami Digital Entertainment,0.00,0.06,0.00,0.01,0.07
12049,Assassin's Creed: Rogue,PC,2015,Action,Ubisoft,0.04,0.02,0.00,0.01,0.07
12084,Godzilla (2014),PS3,2014,Action,Namco Bandai Games,0.00,0.01,0.06,0.00,0.07
12107,Monster High: New Ghoul in School,PS3,2015,Action,Little Orbit,0.00,0.06,0.00,0.01,0.07
11867,Just Dance: Disney Party 2,X360,2015,Action,Ubisoft,0.05,0.01,0.00,0.01,0.07
11873,Rugby World Cup 2015,PS3,2015,Sports,Ubisoft,0.00,0.06,0.00,0.01,0.07
11999,MotoGP 15,PS3,2015,Racing,Milestone S.r.l.,0.00,0.03,0.03,0.01,0.07
12014,Guilty Gear Xrd -Revelator-,PS3,2016,Fighting,PQube,0.01,0.02,0.02,0.01,0.07
12048,Enemy Front,PS3,2014,Shooter,City Interactive,0.01,0.05,0.00,0.01,0.07
11806,Tropico 5,X360,2014,Simulation,Kalypso Media,0.03,0.04,0.00,0.01,0.07
11887,Fantasia: Music Evolved,X360,2014,Misc,Disney Interactive Studios,0.05,0.01,0.00,0.01,0.07
12144,Tony Hawk's Pro Skater 5,X360,2015,Sports,Activision,0.06,0.00,0.00,0.01,0.07
12266,The LEGO Movie Videogame,PC,2014,Action,Warner Bros. Interactive Entertainment,0.02,0.04,0.00,0.01,0.06
12334,Lego Batman 3: Beyond Gotham,PC,2014,Action,Warner Bros. Interactive Entertainment,0.00,0.06,0.00,0.01,0.06
12690,Murdered: Soul Suspect,PC,2014,Action,Square Enix,0.00,0.05,0.00,0.01,0.06
12565,Attack on Titan (KOEI),PS3,2016,Action,Tecmo Koei,0.00,0.00,0.06,0.00,0.06
12738,Samurai Warriors 4: Empires,PS3,2015,Action,Tecmo Koei,0.00,0.00,0.06,0.00,0.06
12414,Pro Evolution Soccer 2017,PS3,2016,Sports,Konami Digital Entertainment,0.00,0.01,0.04,0.00,0.06
12490,Odin Sphere: Leifthrasir,PS3,2016,Role-Playing,Nippon Ichi Software,0.01,0.02,0.03,0.01,0.06
12633,Super Robot Wars OG: The Moon Dwellers,PS3,2016,Misc,Namco Bandai Games,0.00,0.00,0.06,0.00,0.06
12753,Tokyo Twilight Ghost Hunters,PS3,2014,Role-Playing,Aksys Games,0.03,0.00,0.02,0.01,0.06
12800,Tony Hawk's Pro Skater 5,PS3,2015,Sports,Activision,0.04,0.00,0.00,0.01,0.06
12476,Super Robot Wars OG Saga Masou Kishin F: Coffin of the End,PS3,2014,Strategy,Namco Bandai Games,0.00,0.00,0.06,0.00,0.06
12640,Game of Thrones (Telltale),PS3,2015,Adventure,Telltale Games,0.02,0.03,0.00,0.01,0.06
12347,Sherlock Holmes: Crimes & Punishments,X360,2014,Adventure,Focus Home Interactive,0.03,0.03,0.00,0.01,0.06
12529,Digimon All-Star Rumble,X360,2014,Fighting,Namco Bandai Games,0.04,0.01,0.00,0.01,0.06
12597,Sacred 3,X360,2014,Role-Playing,Deep Silver,0.03,0.03,0.00,0.01,0.06
12901,Dark Souls III,PC,2016,Role-Playing,Namco Bandai Games,0.00,0.05,0.00,0.00,0.05
12940,FIFA 17,PC,2016,Sports,Electronic Arts,0.00,0.05,0.00,0.00,0.05
13025,Mortal Kombat X,PC,2015,Fighting,Warner Bros. Interactive Entertainment,0.01,0.04,0.00,0.00,0.05
13046,Street Fighter V,PC,2016,Fighting,Capcom,0.00,0.05,0.00,0.00,0.05
13342,F1 2015,PC,2015,Racing,Codemasters,0.00,0.04,0.00,0.00,0.05
13438,Plants vs. Zombies: Garden Warfare 2,PC,2016,Shooter,Electronic Arts,0.00,0.04,0.00,0.00,0.05
13105,LEGO The Hobbit,PC,2014,Action,Warner Bros. Interactive Entertainment,0.00,0.04,0.00,0.01,0.05
12932,Teenage Mutant Ninja Turtles: Mutants in Manhattan,PS3,2016,Action,Activision,0.01,0.03,0.00,0.01,0.05
13413,Arslan: The Warriors of Legend,PS3,2015,Action,Tecmo Koei,0.00,0.00,0.05,0.00,0.05
12832,NHL Legacy,X360,2015,Action,Electronic Arts,0.05,0.00,0.00,0.01,0.05
13150,Yaiba: Ninja Gaiden Z,X360,2014,Action,Tecmo Koei,0.03,0.02,0.00,0.00,0.05
13052,Sherlock Holmes: Crimes & Punishments,PC,2014,Adventure,Focus Home Interactive,0.00,0.05,0.00,0.00,0.05
13102,Mirror's Edge Catalyst,PC,2016,Platform,Electronic Arts,0.01,0.03,0.00,0.01,0.05
13300,Grand Ages: Medieval,PC,2015,Strategy,Kalypso Media,0.00,0.04,0.00,0.00,0.05
13338,Utawarerumono: Itsuwari no Kamen,PS3,2015,Adventure,Aqua Plus,0.00,0.00,0.05,0.00,0.05
12942,Winning Post 8,PS3,2014,Racing,Tecmo Koei,0.00,0.00,0.05,0.00,0.05
13002,Natural Doctrine,PS3,2014,Role-Playing,Nippon Ichi Software,0.03,0.01,0.01,0.01,0.05
13234,NBA 2K17,PS3,2016,Sports,Take-Two Interactive,0.03,0.01,0.00,0.01,0.05
13301,Handball 16,PS3,2015,Sports,Bigben Interactive,0.00,0.04,0.00,0.01,0.05
13416,Yoru no Nai Kuni,PS3,2015,Role-Playing,Tecmo Koei,0.00,0.00,0.05,0.00,0.05
12871,NBA 2K17,X360,2016,Sports,Take-Two Interactive,0.04,0.00,0.00,0.01,0.05
12912,Rugby 15,X360,2015,Sports,Bigben Interactive,0.00,0.05,0.00,0.00,0.05
13048,Enemy Front,X360,2014,Shooter,Namco Bandai Games,0.02,0.03,0.00,0.00,0.05
13391,Rugby World Cup 2015,X360,2015,Sports,Ubisoft,0.00,0.04,0.00,0.00,0.05
13568,Pro Evolution Soccer 2016,PC,2015,Sports,Konami Digital Entertainment,0.00,0.04,0.00,0.00,0.04
13838,The Sims 4: Spa Day,PC,2015,Simulation,Electronic Arts,0.00,0.04,0.00,0.00,0.04
13932,Train Simulator 2016,PC,2015,Simulation,Unknown,0.00,0.04,0.00,0.00,0.04
14097,Might & Magic X: Legacy,PC,2014,Role-Playing,Ubisoft,0.00,0.03,0.00,0.00,0.04
13827,Castlevania: Lords of Shadow 2,PC,2014,Action,Konami Digital Entertainment,0.01,0.03,0.00,0.00,0.04
13912,LEGO Jurassic World,PC,2015,Action,Warner Bros. Interactive Entertainment,0.00,0.04,0.00,0.00,0.04
13622,Kamen Rider: Battride War Genesis,PS3,2016,Action,Namco Bandai Games,0.00,0.00,0.04,0.00,0.04
13832,BlazBlue: Chrono Phantasma Extend,PS3,2015,Action,PQube,0.00,0.00,0.04,0.00,0.04
13834,Romance of the Three Kingdoms 13,PS3,2015,Action,Tecmo Koei,0.00,0.00,0.04,0.00,0.04
13987,NHL Legacy,PS3,2015,Action,Electronic Arts,0.03,0.00,0.00,0.01,0.04
13564,Life is Strange,PC,2016,Adventure,Square Enix,0.01,0.03,0.00,0.00,0.04
13881,Monster High: New Ghoul in School,X360,2015,Action,Little Orbit,0.00,0.04,0.00,0.00,0.04
13918,Civilization Beyond Earth: Rising Tide,PC,2015,Strategy,Take-Two Interactive,0.00,0.04,0.00,0.00,0.04
13526,Puyo Puyo Tetris,PS3,2014,Puzzle,Sega,0.00,0.00,0.04,0.00,0.04
13930,Shin Hayarigami,PS3,2014,Adventure,Nippon Ichi Software,0.00,0.00,0.04,0.00,0.04
13494,Rugby Challenge 3,PS3,2016,Sports,Alternative Software,0.00,0.04,0.00,0.01,0.04
13651,Saint Seiya: Soldiers' Soul,PS3,2015,Fighting,Namco Bandai Games,0.00,0.00,0.04,0.00,0.04
13791,Star Ocean 5: Integrity and Faithlessness,PS3,2016,Role-Playing,Square Enix,0.00,0.00,0.04,0.00,0.04
13957,Ragnarok Odyssey,PS3,2014,Role-Playing,GungHo,0.03,0.01,0.00,0.01,0.04
13995,NHL 16,PS3,2015,Sports,Electronic Arts,0.00,0.03,0.00,0.01,0.04
14246,Trials Fusion,PC,2014,Racing,Ubisoft,0.00,0.03,0.00,0.00,0.03
14472,Lords of the Fallen,PC,2014,Role-Playing,Square Enix,0.00,0.03,0.00,0.00,0.03
14533,Need for Speed (2015),PC,2016,Racing,Electronic Arts,0.00,0.03,0.00,0.00,0.03
14558,Pro Cycling Manager 2016,PC,2016,Sports,Focus Home Interactive,0.00,0.03,0.00,0.00,0.03
14669,Ride,PC,2015,Racing,Milestone S.r.l.,0.00,0.03,0.00,0.00,0.03
14758,DiRT Rally,PC,2016,Racing,Codemasters,0.00,0.03,0.00,0.00,0.03
14781,GRID Autosport,PC,2014,Racing,Codemasters,0.00,0.02,0.00,0.00,0.03
14634,The Great Mystery Hidden Object Package 5,PC,2015,Adventure,Rondomedia,0.00,0.03,0.00,0.00,0.03
14386,Hearts of Iron IV,PC,2016,Strategy,Paradox Interactive,0.00,0.03,0.00,0.00,0.03
14638,Stellaris,PC,2016,Strategy,Paradox Interactive,0.00,0.03,0.00,0.00,0.03
14766,Infinite Stratos 2: Ignition Hearts,PS3,2014,Adventure,5pb,0.00,0.00,0.03,0.00,0.03
14823,Steins;Gate 0,PS3,2015,Adventure,5pb,0.00,0.00,0.03,0.00,0.03
14198,Game of Thrones (Telltale),X360,2015,Adventure,Telltale Games,0.02,0.01,0.00,0.00,0.03
14876,Back to the Future: The Game,X360,2015,Adventure,Telltale Games,0.02,0.01,0.00,0.00,0.03
14277,Living Legends: Frozen Beauty,PC,2014,Action,Big Fish Games,0.00,0.03,0.00,0.00,0.03
14442,Transformers: Devastation,PC,2015,Action,Activision,0.00,0.03,0.00,0.00,0.03
14247,Rugby League Live 3,PS3,2015,Action,Tru Blu Entertainment,0.00,0.03,0.00,0.00,0.03
14251,Ukiyo no Shishi,PS3,2015,Action,Namco Bandai Games,0.00,0.00,0.03,0.00,0.03
14582,Bladestorm: Nightmare,PS3,2015,Action,Tecmo Koei,0.00,0.00,0.03,0.00,0.03
14721,Aegis of Earth: Protonovus Assault,PS3,2016,Action,PQube,0.01,0.01,0.00,0.00,0.03
14485,Teenage Mutant Ninja Turtles: Mutants in Manhattan,X360,2016,Action,Activision,0.01,0.02,0.00,0.00,0.03
14548,Kung Fu Panda: Showdown of Legendary Legends,X360,2015,Action,Little Orbit,0.00,0.03,0.00,0.00,0.03
14621,Rugby League Live 3,X360,2015,Action,Tru Blu Entertainment,0.00,0.03,0.00,0.00,0.03
14890,The Peanuts Movie: Snoopy's Grand Adventure,X360,2015,Action,Activision,0.00,0.02,0.00,0.00,0.03
14180,Nobunaga's Ambition: Sphere of Influence - Sengoku Risshiden,PS3,2016,Misc,Tecmo Koei,0.00,0.00,0.03,0.00,0.03
14185,MX vs. ATV Supercross,PS3,2014,Racing,Nordic Games,0.02,0.01,0.00,0.01,0.03
14278,Super Hero Generation,PS3,2014,Role-Playing,Namco Bandai Games,0.00,0.00,0.03,0.00,0.03
14339,Dragon's Dogma Online,PS3,2015,Role-Playing,Capcom,0.00,0.00,0.03,0.00,0.03
14347,Atelier Sophie: The Alchemist of the Mysterious Book,PS3,2015,Role-Playing,Tecmo Koei,0.00,0.00,0.03,0.00,0.03
14377,JoJo's Bizarre Adventure: Eyes of Heaven,PS3,2015,Fighting,Namco Bandai Games,0.00,0.00,0.03,0.00,0.03
14378,Hajime no Ippo: The Fighting! (2014),PS3,2014,Sports,Namco Bandai Games,0.00,0.00,0.03,0.00,0.03
14402,Super Heroine Chronicle,PS3,2014,Role-Playing,Namco Bandai Games,0.00,0.00,0.03,0.00,0.03
14486,Cabela's Big Game Hunter: Pro Hunts,PS3,2014,Shooter,Activision,0.03,0.00,0.00,0.00,0.03
14767,Cabela's Big Game Hunter: Pro Hunts,X360,2014,Shooter,Activision,0.02,0.00,0.00,0.00,0.03
14969,Bus Simulator 16,PC,2016,Simulation,Astragon,0.00,0.02,0.00,0.00,0.02
15141,Plants vs. Zombies: Garden Warfare,PC,2014,Shooter,Electronic Arts,0.00,0.02,0.00,0.00,0.02
15148,Sacred 3,PC,2014,Role-Playing,Deep Silver,0.00,0.02,0.00,0.00,0.02
15153,Rocket League,PC,2016,Sports,505 Games,0.01,0.01,0.00,0.00,0.02
15303,F1 2016 (Codemasters),PC,2016,Racing,Codemasters,0.00,0.02,0.00,0.00,0.02
15342,Homefront: The Revolution,PC,2016,Shooter,Deep Silver,0.00,0.02,0.00,0.00,0.02
15412,Deus Ex: Mankind Divided,PC,2016,Role-Playing,Square Enix,0.00,0.02,0.00,0.00,0.02
15418,RollerCoaster Tycoon World,PC,2016,Simulation,Atari,0.00,0.02,0.00,0.00,0.02
15473,Agatha Christie: The ABC Murders,PC,2016,Adventure,Microids,0.00,0.02,0.00,0.00,0.02
15498,Spirits and Demons: 5 Game Pack,PC,2015,Misc,Focus Multimedia,0.00,0.02,0.00,0.00,0.02
15577,7 Roses: A Darkness Rises,PC,2015,Misc,Avanquest Software,0.00,0.02,0.00,0.00,0.02
15729,Revolution: 25th Anniversary Collection,PC,2016,Adventure,Koch Media,0.00,0.02,0.00,0.00,0.02
15766,Divinity: Original Sin,PC,2014,Role-Playing,Focus Home Interactive,0.00,0.02,0.00,0.00,0.02
14980,TV Anime Idolm@ster: Cinderella Girls G4U! Pack Vol.6,PS3,2015,Adventure,Namco Bandai Games,0.00,0.00,0.02,0.00,0.02
15900,The Sims 4: Luxury Party Stuff,PC,2015,Simulation,Electronic Arts,0.00,0.01,0.00,0.00,0.02
15926,Pillars of Eternity,PC,2014,Role-Playing,Paradox Interactive,0.00,0.01,0.00,0.00,0.02
15255,Date A Live: Arusu Install,PS3,2014,Adventure,Compile Heart,0.00,0.00,0.02,0.00,0.02
15425,CV Casting Voice,PS3,2014,Adventure,Namco Bandai Games,0.00,0.00,0.02,0.00,0.02
15842,Dream C Club: GoGo,PS3,2014,Adventure,D3Publisher,0.00,0.00,0.02,0.00,0.02
15982,Xblaze: Lost Memories,PS3,2015,Adventure,Arc System Works,0.01,0.00,0.00,0.00,0.02
15308,Rugby League Team Manager 2015,PC,2015,Action,Alternative Software,0.00,0.02,0.00,0.00,0.02
15440,Resident Evil Zero,PC,2016,Action,Capcom,0.01,0.01,0.00,0.00,0.02
15575,The Crew: Wild Run,PC,2015,Action,Ubisoft,0.00,0.02,0.00,0.00,0.02
15642,Lara Croft and the Temple of Osiris,PC,2014,Action,Square Enix,0.00,0.02,0.00,0.00,0.02
15643,Final Fantasy XIV: Heavensward,PC,2015,Action,Square Enix,0.01,0.01,0.00,0.00,0.02
15661,Song of the Deep,PC,2016,Action,Insomniac Games,0.02,0.00,0.00,0.00,0.02
14958,Naruto Shippuden: Ultimate Ninja Storm Collection,PS3,2016,Action,Namco Bandai Games,0.00,0.02,0.00,0.00,0.02
14975,TV Anime Idolm@ster: Cinderella Girls G4U! Pack Vol.1,PS3,2015,Action,Namco Bandai Games,0.00,0.00,0.02,0.00,0.02
14977,The Voice,PS3,2014,Action,Activision,0.02,0.00,0.00,0.00,0.02
15157,Winning Post 8 2015,PS3,2015,Action,Tecmo Koei,0.00,0.00,0.02,0.00,0.02
15174,Kung Fu Panda: Showdown of Legendary Legends,PS3,2015,Action,Little Orbit,0.00,0.02,0.00,0.00,0.02
15271,Final Fantasy XIV: Heavensward,PS3,2015,Action,Square Enix,0.01,0.00,0.01,0.00,0.02
15472,TV Anime Idolm@ster: Cinderella Girls G4U! Pack Vol.5,PS3,2015,Action,Namco Bandai Games,0.00,0.00,0.02,0.00,0.02
15510,Sengoku Basara: Sanada Yukimura-Den,PS3,2016,Action,Capcom,0.00,0.00,0.02,0.00,0.02
15534,Natsuiro High School: Seishun Hakusho,PS3,2015,Action,D3Publisher,0.00,0.00,0.02,0.00,0.02
15563,Downtown Nekketsu Koushinkyoku: Soreyuke Daiundoukai All-Star Special,PS3,2015,Action,Arc System Works,0.00,0.00,0.02,0.00,0.02
15019,TV Anime Idolm@ster: Cinderella Girls G4U! Pack Vol.9,PS3,2016,Misc,Namco Bandai Games,0.00,0.00,0.02,0.00,0.02
15616,Toukiden 2,PS3,2016,Action,Tecmo Koei,0.00,0.00,0.02,0.00,0.02
15679,TV Anime Idolm@ster: Cinderella Girls G4U! Pack Vol.2,PS3,2015,Action,Namco Bandai Games,0.00,0.00,0.02,0.00,0.02
15714,TV Anime Idolm@ster: Cinderella Girls G4U! Pack Vol.3,PS3,2015,Action,Namco Bandai Games,0.00,0.00,0.02,0.00,0.02
15106,Blade Arcus from Shining EX,PS3,2015,Fighting,Sega,0.00,0.00,0.02,0.00,0.02
15743,TV Anime Idolm@ster: Cinderella Girls G4U! Pack Vol.4,PS3,2015,Action,Namco Bandai Games,0.00,0.00,0.02,0.00,0.02
15942,Barbie and Her Sisters Puppy Rescue,PS3,2015,Action,Namco Bandai Games,0.00,0.01,0.00,0.00,0.02
15196,Motto! SoniComi,PS3,2014,Simulation,Kadokawa Games,0.00,0.00,0.02,0.00,0.02
15287,Don Bradman Cricket 14,PS3,2014,Sports,Tru Blu Entertainment,0.00,0.02,0.00,0.00,0.02
15334,The Awakened Fate Ultimatum,PS3,2014,Role-Playing,Nippon Ichi Software,0.00,0.00,0.02,0.00,0.02
15387,TV Anime Idolm@ster: Cinderella Girls G4U! Pack Vol.7,PS3,2015,Misc,Namco Bandai Games,0.00,0.00,0.02,0.00,0.02
15569,TV Anime Idolm@ster: Cinderella Girls G4U! Pack Vol.8,PS3,2016,Misc,Namco Bandai Games,0.00,0.00,0.02,0.00,0.02
15601,Call of Duty: Modern Warfare Trilogy,PS3,2016,Shooter,Activision,0.00,0.01,0.00,0.00,0.02
15649,Tour de France 2014,PS3,2014,Sports,Focus Home Interactive,0.00,0.02,0.00,0.00,0.02
14986,Rugby Challenge 3,X360,2016,Sports,Alternative Software,0.00,0.02,0.00,0.00,0.02
15079,Ride,X360,2015,Racing,Milestone S.r.l.,0.00,0.02,0.00,0.00,0.02
15799,NHL 16,X360,2015,Sports,Electronic Arts,0.00,0.02,0.00,0.00,0.02
15807,Call of Duty: Modern Warfare Trilogy,X360,2016,Shooter,Activision,0.01,0.01,0.00,0.00,0.02
15812,WRC 5: FIA World Rally Championship,X360,2015,Sports,Bigben Interactive,0.00,0.02,0.00,0.00,0.02
16054,Battle Worlds: Kronos,PC,2016,Strategy,Nordic Games,0.00,0.01,0.00,0.00,0.01
16289,War for the Overworld,PC,2015,Strategy,Unknown,0.00,0.01,0.00,0.00,0.01
16364,Act of Aggression,PC,2015,Strategy,Focus Home Interactive,0.00,0.01,0.00,0.00,0.01
16477,Total War Attila: Tyrants & Kings,PC,2016,Strategy,Koch Media,0.00,0.01,0.00,0.00,0.01
16558,Codename: Panzers Complete Collection,PC,2016,Strategy,Nordic Games,0.00,0.01,0.00,0.00,0.01
16253,Strider (2014),PS3,2014,Platform,Capcom,0.00,0.00,0.01,0.00,0.01
16239,Batman: A Telltale Game Series,PS3,2016,Adventure,Telltale Games,0.00,0.01,0.00,0.00,0.01
16419,Chaos;Child,PS3,2015,Adventure,5pb,0.00,0.00,0.01,0.00,0.01
16454,Shin Koihime Musou: Otome Taisen * Sangokushi Engi,PS3,2014,Adventure,Views,0.00,0.00,0.01,0.00,0.01
16204,Adventure Time: The Secret of the Nameless,X360,2014,Adventure,Little Orbit,0.01,0.00,0.00,0.00,0.01
16247,Valentino Rossi: The Game,PC,2016,Racing,Namco Bandai Games,0.00,0.01,0.00,0.00,0.01
16326,MXGP 2,PC,2016,Racing,Milestone S.r.l.,0.00,0.01,0.00,0.00,0.01
16347,Cities: Skylines Snowfall,PC,2016,Simulation,Paradox Development,0.00,0.01,0.00,0.00,0.01
16402,The Technomancer,PC,2016,Role-Playing,Focus Home Interactive,0.00,0.01,0.00,0.00,0.01
16462,Rugby World Cup 2015,PC,2015,Sports,Ubisoft,0.00,0.01,0.00,0.00,0.01
16112,Paranormal Pursuit: The Gifted One,PC,2015,Action,Alawar Entertainment,0.00,0.01,0.00,0.00,0.01
16277,Farming Simulator 15 Expansion Pack,PC,2015,Action,Focus Home Interactive,0.00,0.01,0.00,0.00,0.01
16366,Fallout Anthology,PC,2015,Action,Bethesda Softworks,0.00,0.01,0.00,0.00,0.01
16389,TrackMania Turbo,PC,2016,Action,Ubisoft,0.00,0.01,0.00,0.00,0.01
16409,The Amazing Spider-Man 2 (2014),PC,2014,Action,Activision,0.00,0.01,0.00,0.00,0.01
16109,Higurashi no Naku Koro ni Iki,PS3,2015,Action,Kaga Create,0.00,0.00,0.01,0.00,0.01
16218,Tsukigime Ranko's Longest Day,PS3,2014,Action,Namco Bandai Games,0.00,0.01,0.00,0.00,0.01
16039,Utawarerumono: Futari no Hakuoro,PS3,2016,Misc,Aqua Plus,0.00,0.00,0.01,0.00,0.01
16301,Nitroplus Blasterz: Heroines Infinite Duel,PS3,2015,Fighting,Nitroplus,0.00,0.00,0.01,0.00,0.01
16413,"Sakigake!! Otokojuku - Nihon yo, Kore ga Otoko Dearu!",PS3,2014,Fighting,Namco Bandai Games,0.00,0.00,0.01,0.00,0.01
15991,Don Bradman Cricket 14,X360,2014,Sports,Tru Blu Entertainment,0.00,0.01,0.00,0.00,0.01
16394,Handball 16,X360,2015,Sports,Bigben Interactive,0.00,0.01,0.00,0.00,0.01
16474,MotoGP 15,X360,2015,Racing,Milestone S.r.l.,0.00,0.01,0.00,0.00,0.01
16556,Bound By Flame,X360,2014,Role-Playing,N/A,0.00,0.01,0.00,0.00,0.01